Name,Group,Grade Name,Score,Handbook Link,Subscores,Parent Score,Attributes,Score Type,Deadline [block],JSG Grading Status
Network Performance Score,Network,NETWORK_PERFORMANCE_SCORE,0.596,https://github.com/Joystream/handbook/blob/e9747eb6c4501b603f85bd35993faa8a057ac673/testnet/council-period-scoring/README.md#overview,"Builder Score (Council%209/Council%20Period%209/Builder%20Score%2072609d857cd44aaf919ac15aa42caa9d.md), Content Score (Council%209/Council%20Period%209/Content%20Score%20a3aabbae48374ae9b6f6933504efed94.md), Distributor Score (Council%209/Council%20Period%209/Distributor%20Score%20356fd26e79c746bfa5332f7e65ae7c52.md), Storage Score (Council%209/Council%20Period%209/Storage%20Score%20425b22fc33c342e9af5fc54c7e4691f1.md), HR Score (Council%209/Council%20Period%209/HR%20Score%200d725a2e93344db29ba568de6312d77a.md), Council Period Summary (Council%209/Council%20Period%209/Council%20Period%20Summary%20a4ae32a037f04515a5eea9c7913265f6.md), Council Period Plan (Council%209/Council%20Period%209/Council%20Period%20Plan%206d85fa3992424ce4a54d230779cea34e.md), Lead Opportunities (Council%209/Council%20Period%209/Lead%20Opportunities%20f321df51cc7c4755917a054a237b5492.md), Meeting score (Council%209/Council%20Period%209/Meeting%20score%2011064a0731494d22bbc6f34418f3d8bd.md)",,"Composite Grade, Overall Grade",,,Completed
Forum Score,Forum,FORUM_SCORE,0.327,https://github.com/Joystream/handbook/blob/e9747eb6c4501b603f85bd35993faa8a057ac673/testnet/council-period-scoring/forum-score.md#score,"General WG Score (Council%209/Council%20Period%209/General%20WG%20Score%208b96e578dcfd429798d14c9fc6bf3e7e.md), Forum Report (Council%209/Council%20Period%209/Forum%20Report%20ca84b7d3ecdb4486b02f52af79fadd55.md), Moderation Score (Council%209/Council%20Period%209/Moderation%20Score%20cd068a4c96234c09879352fc529aac80.md)",,Composite Grade,,,Completed
Builder Score,Builders,BUILDER_SCORE,0.64,https://github.com/Joystream/handbook/blob/master/testnet/council-period-scoring/builders-score.md#score,"General WG Score (Council%209/Council%20Period%209/General%20WG%20Score%20cfcf8f8f05c343ed81ece171d89bc76b.md), Builders Report (Council%209/Council%20Period%209/Builders%20Report%2079ec09b7db0f48e09d8f1f0186adaba3.md), Testing (Council%209/Council%20Period%209/Testing%20546f852920244c0a97ca240ff535d6b4.md), Pioneer Development (Council%209/Council%20Period%209/Pioneer%20Development%20c908a65d4c144fa68fe10150e39670da.md), General Development (Council%209/Council%20Period%209/General%20Development%203c407baa5a204b74867916a09295c44d.md)",Network Performance Score (Council%209/Council%20Period%209/Network%20Performance%20Score%20b5d67b08236940ae8249140591d8fe47.md),"Composite Grade, Master Group Score",Main Score,,Completed
Distributor Score,Distributors,DISTRIBUTOR_SCORE,0.444,https://github.com/Joystream/handbook/blob/master/testnet/council-period-scoring/distributors-score.md#score,"General WG Score (Council%209/Council%20Period%209/General%20WG%20Score%201eb9c121a68f47ca9cc3720f887a4510.md), Thumbnails (Council%209/Council%20Period%209/Thumbnails%207bc6ec68d3574b0081bc5a46486bd06a.md), Distributors Report (Council%209/Council%20Period%209/Distributors%20Report%20bc09d9c42ce747f4971b642706189d53.md)",Network Performance Score (Council%209/Council%20Period%209/Network%20Performance%20Score%20b5d67b08236940ae8249140591d8fe47.md),Composite Grade,Main Score,,Completed
Content Score,Content,CONTENT_SCORE,0.18,https://github.com/Joystream/handbook/blob/master/testnet/council-period-scoring/content-directory-score.md#score,"General WG Score (Council%209/Council%20Period%209/General%20WG%20Score%20125ce0c2289042aa987a6a71cb6c8dd3.md), Content Report (Council%209/Council%20Period%209/Content%20Report%20b9c6250979c84674bcf99d4a6dedd310.md), Featuring Score (Council%209/Council%20Period%209/Featuring%20Score%204dff73d7044f408b969e86936b02c842.md), Moderation Score (Council%209/Council%20Period%209/Moderation%20Score%20ad40d08b7c684ebf9379c7c3a1c87cc5.md), Logging does not occur (Council%209/Council%20Period%209/Logging%20does%20not%20occur%204d5d2c82bfc94085a2b883a81959d93d.md), Featured Content Unplayable (Council%209/Council%20Period%209/Featured%20Content%20Unplayable%2009567747b2f84bd7a5a8cf4fbffceaf2.md), Failure to apply moderation rules (Council%209/Council%20Period%209/Failure%20to%20apply%20moderation%20rules%20967b1ced0b484f5d92906f07dd22427d.md)",Network Performance Score (Council%209/Council%20Period%209/Network%20Performance%20Score%20b5d67b08236940ae8249140591d8fe47.md),Composite Grade,,,Completed
HR Score,HR,HR_SCORE,0.837,https://github.com/Joystream/handbook/blob/master/testnet/council-period-scoring/human-resources-score.md#score,"General WG Score (Council%209/Council%20Period%209/General%20WG%20Score%20ffcbe9f8fdbb40a3a552709b92a95b84.md), HR Report (Council%209/Council%20Period%209/HR%20Report%206b6247dffd7140cf9c52d08b6edad418.md), Response Time (Council%209/Council%20Period%209/Response%20Time%207ec89d437b6b44f9828c967aeedb41c5.md), Person Logging Score (Council%209/Council%20Period%209/Person%20Logging%20Score%207b8a0accb1ea4cb6bfec7279053a7c51.md), Interaction Logging Score (Council%209/Council%20Period%209/Interaction%20Logging%20Score%205d93d291c2f34b2cab25d03a4fb1c564.md), Bounty Score (Council%209/Council%20Period%209/Bounty%20Score%2018485e020ef3436da733c50b4cee67b3.md)",Network Performance Score (Council%209/Council%20Period%209/Network%20Performance%20Score%20b5d67b08236940ae8249140591d8fe47.md),Composite Grade,,,Calculation
Marketing Score,Marketing,MARKETER_SCORE,,,,,Composite Grade,,,Calculation
Storage Score,Storage,STORAGE_SCORE,0.568,,"Uploads (Council%209/Council%20Period%209/Uploads%205106182f6dcd4e94a30c4b173deb81f2.md), General WG Score (Council%209/Council%20Period%209/General%20WG%20Score%2009a3e93e9e094e2a92333a95a5ed0c43.md), Maintenance (Council%209/Council%20Period%209/Maintenance%20770d38d9ce9c4b979f57d97cf19d7263.md), Storage Report (Council%209/Council%20Period%209/Storage%20Report%20458b3ceadde047048d2fe5c69348f995.md)",Network Performance Score (Council%209/Council%20Period%209/Network%20Performance%20Score%20b5d67b08236940ae8249140591d8fe47.md),Composite Grade,Main Score,,Calculation
General WG Score,Distributors,GENERAL_WG_SCORE,0.259,https://github.com/Joystream/handbook/blob/master/testnet/council-period-scoring/general-working-group-score.md,"WG Period Plan (Council%209/Council%20Period%209/WG%20Period%20Plan%20207388c6d0904b6296ab72d9508f0f40.md), WG Summary (Council%209/Council%20Period%209/WG%20Summary%20543f496da6604afb99a680eb7f9ef621.md), WG Opportunities (Council%209/Council%20Period%209/WG%20Opportunities%20662709110b7a48d0bd23c3fa3341f128.md), Opening Score (Council%209/Council%20Period%209/Opening%20Score%2023e81f9a5351474f992fc121dfb88be6.md), Bounty Score (Council%209/Council%20Period%209/Bounty%20Score%20714c969953a14176adeaef0932c368ce.md)",Distributor Score (Council%209/Council%20Period%209/Distributor%20Score%20356fd26e79c746bfa5332f7e65ae7c52.md),Composite Grade,Main Score,,Completed
General WG Score,Builders,GENERAL_WG_SCORE,0.54,https://github.com/Joystream/handbook/blob/master/testnet/council-period-scoring/builders-score.md#general_wg_score,"WG Period Plan (Council%209/Council%20Period%209/WG%20Period%20Plan%2067ac6fa99a1944febdbe214d69bf5d23.md), WG Summary (Council%209/Council%20Period%209/WG%20Summary%20296b2448096c423aa060aa6e8ca833da.md), WG Opportunities (Council%209/Council%20Period%209/WG%20Opportunities%20c9d359e2d98d44a798871c39d78433f9.md), Opening Score (Council%209/Council%20Period%209/Opening%20Score%20a52d9dd40b4b4dd484d888f996645645.md), Bounty Score (Council%209/Council%20Period%209/Bounty%20Score%20cc256c899182443ab84f94b3b94f7897.md)",Builder Score (Council%209/Council%20Period%209/Builder%20Score%2072609d857cd44aaf919ac15aa42caa9d.md),Composite Grade,Subscore,,Completed
General WG Score,HR,GENERAL_WG_SCORE,0.627,https://github.com/Joystream/handbook/blob/master/testnet/council-period-scoring/general-working-group-score.md,"WG Period Plan (Council%209/Council%20Period%209/WG%20Period%20Plan%20458878b5e1564445baf5761fef240fef.md), WG Summary (Council%209/Council%20Period%209/WG%20Summary%20f3d21c1c0b5e4a11b5fcdefef7465543.md), WG Opportunities (Council%209/Council%20Period%209/WG%20Opportunities%20cd082735978d4482981d0aaa417e2e19.md), Opening Score (Council%209/Council%20Period%209/Opening%20Score%206617792777584f7ea83bb926489f0749.md), Bounty Score (Council%209/Council%20Period%209/Bounty%20Score%2074a0e73c800e4c3f9922e76d34f391f4.md)",HR Score (Council%209/Council%20Period%209/HR%20Score%200d725a2e93344db29ba568de6312d77a.md),Composite Grade,,,Calculation
General WG Score,Forum,GENERAL_WG_SCORE,0.317,,"WG Period Plan (Council%209/Council%20Period%209/WG%20Period%20Plan%20488976a7d0cf486fab8060457b89b587.md), WG Summary (Council%209/Council%20Period%209/WG%20Summary%20568901532654483aa6a46b90bdece765.md), WG Opportunities (Council%209/Council%20Period%209/WG%20Opportunities%20278259c9a86a484394c2b2ac8776f593.md), Opening Score (Council%209/Council%20Period%209/Opening%20Score%20dd1e91928a924e888221fe8c6ed79c00.md), Bounty Score (Council%209/Council%20Period%209/Bounty%20Score%20d61548926fa2442187c5251554007819.md)",Forum Score (Council%209/Council%20Period%209/Forum%20Score%20a6dd10bcefcb450b906a2e86311f88dd.md),Composite Grade,,,Completed
General WG Score,Storage,GENERAL_WG_SCORE,0.4,,"WG Summary (Council%209/Council%20Period%209/WG%20Summary%2075731a78dbcc48f293fe6c9a074c38f7.md), WG Period Plan (Council%209/Council%20Period%209/WG%20Period%20Plan%20d72f223a32db4a34958a73521803edb2.md), WG Opportunities (Council%209/Council%20Period%209/WG%20Opportunities%20c9d359e2d98d44a798871c39d78433f9.md), Opening Score (Council%209/Council%20Period%209/Opening%20Score%20e0dbd56e08b54a5fa84d169e68aaa49f.md), Bounty Score (Council%209/Council%20Period%209/Bounty%20Score%2078622c72936e48e4b6cca2129cf9e2d9.md)",Storage Score (Council%209/Council%20Period%209/Storage%20Score%20425b22fc33c342e9af5fc54c7e4691f1.md),Composite Grade,Main Score,,Completed
General WG Score,Content,GENERAL_WG_SCORE,0.36,https://github.com/Joystream/handbook/blob/master/testnet/council-period-scoring/general-working-group-score.md,"WG Opportunities (Council%209/Council%20Period%209/WG%20Opportunities%20522e4a46b384404ca2a8d356b685d024.md), WG Summary (Council%209/Council%20Period%209/WG%20Summary%2086d26d148666472f9fa68a684d0faf71.md), WG Period Plan (Council%209/Council%20Period%209/WG%20Period%20Plan%20a5ad35b585a748a2885bd5c11789c5ff.md), Opening Score (Council%209/Council%20Period%209/Opening%20Score%2081b6eee272c3437987321941256d759e.md), Bounty Score (Council%209/Council%20Period%209/Bounty%20Score%2076d88dd92e7348afa6ce6c744d19caa1.md)",Content Score (Council%209/Council%20Period%209/Content%20Score%20a3aabbae48374ae9b6f6933504efed94.md),Composite Grade,,,Completed
WG Period Plan,Storage,PLAN_SCORE,0.8,https://joystream.gitbook.io/testnet-workspace/testnet/council-period-scoring/general-working-group-score#working-group-period-plan,,General WG Score (Council%209/Council%20Period%209/General%20WG%20Score%2009a3e93e9e094e2a92333a95a5ed0c43.md),"Document, Forum Post, Grade, Proposal, Subscore",Subscore,,Completed
WG Period Plan,Builders,PLAN_SCORE,0.8,https://joystream.gitbook.io/testnet-workspace/testnet/council-period-scoring/general-working-group-score#working-group-period-plan,,General WG Score (Council%209/Council%20Period%209/General%20WG%20Score%20cfcf8f8f05c343ed81ece171d89bc76b.md),"Document, Forum Post, Grade, Plan, Proposal, Subscore",Subscore,,Completed
WG Period Plan,HR,PLAN_SCORE,0.9,https://joystream.gitbook.io/testnet-workspace/testnet/council-period-scoring/general-working-group-score#working-group-period-plan,,General WG Score (Council%209/Council%20Period%209/General%20WG%20Score%20ffcbe9f8fdbb40a3a552709b92a95b84.md),"Document, Forum Post, Plan",,,Completed
Council Period Plan,Council,PLAN_SCORE,1,https://joystream.gitbook.io/testnet-workspace/testnet/council-period-scoring#council-period-plan,,Network Performance Score (Council%209/Council%20Period%209/Network%20Performance%20Score%20b5d67b08236940ae8249140591d8fe47.md),"Document, Forum Post, Grade, Proposal, Subscore",Main Score,,Completed
WG Period Plan,Distributors,PLAN_SCORE,0.9,https://joystream.gitbook.io/testnet-workspace/testnet/council-period-scoring/general-working-group-score#working-group-period-plan,,General WG Score (Council%209/Council%20Period%209/General%20WG%20Score%201eb9c121a68f47ca9cc3720f887a4510.md),"Document, Forum Post, Grade",Subscore,,Completed
WG Period Plan,Forum,PLAN_SCORE,0.6,https://joystream.gitbook.io/testnet-workspace/testnet/council-period-scoring/general-working-group-score#working-group-period-plan,,General WG Score (Council%209/Council%20Period%209/General%20WG%20Score%208b96e578dcfd429798d14c9fc6bf3e7e.md),"Document, Forum Post, Grade, Proposal, Subscore",,,Completed
WG Period Plan,Content,PLAN_SCORE,0.7,https://joystream.gitbook.io/testnet-workspace/testnet/council-period-scoring/general-working-group-score#working-group-period-plan,,General WG Score (Council%209/Council%20Period%209/General%20WG%20Score%20125ce0c2289042aa987a6a71cb6c8dd3.md),"Document, Forum Post, Plan, Proposal",,,Completed
WG Summary,Storage,SUMMARY_SCORE,0,https://joystream.gitbook.io/testnet-workspace/testnet/council-period-scoring/general-working-group-score#working-group-summary,,General WG Score (Council%209/Council%20Period%209/General%20WG%20Score%2009a3e93e9e094e2a92333a95a5ed0c43.md),"Document, Forum Post, Grade, Subscore",Subscore,,Completed
WG Summary,Builders,SUMMARY_SCORE,0.9,https://joystream.gitbook.io/testnet-workspace/testnet/council-period-scoring/general-working-group-score#working-group-summary,,General WG Score (Council%209/Council%20Period%209/General%20WG%20Score%20cfcf8f8f05c343ed81ece171d89bc76b.md),"Document, Forum Post, Grade, Proposal, Subscore, Summary",Subscore,,Completed
WG Summary,Distributors,SUMMARY_SCORE,0,https://joystream.gitbook.io/testnet-workspace/testnet/council-period-scoring/general-working-group-score#working-group-summary,,General WG Score (Council%209/Council%20Period%209/General%20WG%20Score%201eb9c121a68f47ca9cc3720f887a4510.md),"Document, Forum Post, Grade, Subscore, Summary",Subscore,,Completed
WG Summary,HR,SUMMARY_SCORE,0.9,https://joystream.gitbook.io/testnet-workspace/testnet/council-period-scoring/general-working-group-score#working-group-summary,,General WG Score (Council%209/Council%20Period%209/General%20WG%20Score%20ffcbe9f8fdbb40a3a552709b92a95b84.md),"Document, Forum Post, Grade, Proposal, Summary",Subscore,,Completed
WG Summary,Content,SUMMARY_SCORE,0.1,https://joystream.gitbook.io/testnet-workspace/testnet/council-period-scoring/general-working-group-score#working-group-summary,,General WG Score (Council%209/Council%20Period%209/General%20WG%20Score%20125ce0c2289042aa987a6a71cb6c8dd3.md),"Document, Forum Post, Grade, Subscore, Summary",,,Completed
Council Period Summary,Council,SUMMARY_SCORE,1,https://github.com/Joystream/handbook/blob/e9747eb6c4501b603f85bd35993faa8a057ac673/testnet/council-period-scoring/README.md#council-period-summary,,Network Performance Score (Council%209/Council%20Period%209/Network%20Performance%20Score%20b5d67b08236940ae8249140591d8fe47.md),"Document, Forum Post, Grade, Proposal, Subscore",Main Score,,Completed
WG Summary,Forum,SUMMARY_SCORE,0.65,https://joystream.gitbook.io/testnet-workspace/testnet/council-period-scoring/general-working-group-score#working-group-summary,,General WG Score (Council%209/Council%20Period%209/General%20WG%20Score%208b96e578dcfd429798d14c9fc6bf3e7e.md),"Document, Forum Post, Grade, Proposal, Subscore, Summary",,,Completed
Lead Opportunities,Council,LEAD_OPPORTUNITIES_SCORE,0.143,https://joystream.gitbook.io/testnet-workspace/testnet/council-period-scoring#lead-opportunities,,Network Performance Score (Council%209/Council%20Period%209/Network%20Performance%20Score%20b5d67b08236940ae8249140591d8fe47.md),Grade,Main Score,,Completed
WG Opportunities,Distributors,WORKER_OPPORTUNITIES_SCORE,0.125,https://joystream.gitbook.io/testnet-workspace/testnet/council-period-scoring/general-working-group-score#worker-opportunities,,General WG Score (Council%209/Council%20Period%209/General%20WG%20Score%201eb9c121a68f47ca9cc3720f887a4510.md),"Grade, Spot Check, Subscore",Subscore,,Completed
WG Opportunities,Forum,WORKER_OPPORTUNITIES_SCORE,0.333,https://joystream.gitbook.io/testnet-workspace/testnet/council-period-scoring/general-working-group-score#worker-opportunities,,General WG Score (Council%209/Council%20Period%209/General%20WG%20Score%208b96e578dcfd429798d14c9fc6bf3e7e.md),"Document, Forum Post, Grade",,,Completed
WG Opportunities,HR,WORKER_OPPORTUNITIES_SCORE,0.5,https://joystream.gitbook.io/testnet-workspace/testnet/council-period-scoring/general-working-group-score#worker-opportunities,,General WG Score (Council%209/Council%20Period%209/General%20WG%20Score%20ffcbe9f8fdbb40a3a552709b92a95b84.md),"Grade, Spot Check, Subscore",,,Completed
WG Opportunities,Storage,WORKER_OPPORTUNITIES_SCORE,0.167,https://joystream.gitbook.io/testnet-workspace/testnet/council-period-scoring/general-working-group-score#worker-opportunities,,"General WG Score (Council%209/Council%20Period%209/General%20WG%20Score%2009a3e93e9e094e2a92333a95a5ed0c43.md), General WG Score (Council%209/Council%20Period%209/General%20WG%20Score%20cfcf8f8f05c343ed81ece171d89bc76b.md)","Grade, Spot Check, Subscore",Subscore,,Completed
WG Opportunities,Builders,WORKER_OPPORTUNITIES_SCORE,0.333,https://joystream.gitbook.io/testnet-workspace/testnet/council-period-scoring/general-working-group-score#worker-opportunities,,,"Grade, Spot Check, Subscore",Subscore,,Completed
WG Opportunities,Content,WORKER_OPPORTUNITIES_SCORE,1,https://joystream.gitbook.io/testnet-workspace/testnet/council-period-scoring/general-working-group-score#worker-opportunities,,General WG Score (Council%209/Council%20Period%209/General%20WG%20Score%20125ce0c2289042aa987a6a71cb6c8dd3.md),"Grade, Spot Check, Subscore",,,Completed
Uploads,Storage,UPLOAD_SCORE,0.907,https://joystream.gitbook.io/testnet-workspace/testnet/council-period-scoring/storage-providers-score#upload_score,,Storage Score (Council%209/Council%20Period%209/Storage%20Score%20425b22fc33c342e9af5fc54c7e4691f1.md),Grade,Subscore,,Completed
Content Report,Content,REPORT_SCORE,0,https://joystream.gitbook.io/testnet-workspace/testnet/council-period-scoring/content-directory-score#report_score,,Content Score (Council%209/Council%20Period%209/Content%20Score%20a3aabbae48374ae9b6f6933504efed94.md),Forum Post,Subscore,,Completed
HR Report,HR,REPORT_SCORE,0.9,https://joystream.gitbook.io/testnet-workspace/testnet/council-period-scoring/human-resources-score#report_score,,HR Score (Council%209/Council%20Period%209/HR%20Score%200d725a2e93344db29ba568de6312d77a.md),,Subscore,,Completed
Forum Report,Forum,REPORT_SCORE,0,,,Forum Score (Council%209/Council%20Period%209/Forum%20Score%20a6dd10bcefcb450b906a2e86311f88dd.md),"Document, Forum Post, Grade, Subscore",,,Completed
Builders Report,Builders,REPORT_SCORE,0.6,https://joystream.gitbook.io/testnet-workspace/testnet/council-period-scoring/builders-score,,Builder Score (Council%209/Council%20Period%209/Builder%20Score%2072609d857cd44aaf919ac15aa42caa9d.md),"Document, Forum Post, Grade, Subscore",Subscore,,Completed
Storage Report,Storage,REPORT_SCORE,0.7,https://joystream.gitbook.io/testnet-workspace/testnet/council-period-scoring/storage-providers-score#report_score,,Storage Score (Council%209/Council%20Period%209/Storage%20Score%20425b22fc33c342e9af5fc54c7e4691f1.md),"Document, Forum Post, Grade, Proposal, Report",Subscore,,Completed
Distributors Report,Distributors,REPORT_SCORE,0.7,https://joystream.gitbook.io/testnet-workspace/testnet/council-period-scoring/distributors-score#report_score,,Distributor Score (Council%209/Council%20Period%209/Distributor%20Score%20356fd26e79c746bfa5332f7e65ae7c52.md),"Document, Forum Post, Grade, Subscore",Subscore,,Completed
Maintenance,Storage,MAINTENANCE_SCORE,1,https://joystream.gitbook.io/testnet-workspace/testnet/council-period-scoring/storage-providers-score#maintenance_score,,Storage Score (Council%209/Council%20Period%209/Storage%20Score%20425b22fc33c342e9af5fc54c7e4691f1.md),Grade,Subscore,,Completed
Research Score,Distributors,RESEARCH_SCORE,0,,,,,,,Completed
Research Score,Storage,RESEARCH_SCORE,0,,,,,,,Completed
Thumbnails,Distributors,THUMBNAIL_SCORE,1,https://joystream.gitbook.io/testnet-workspace/testnet/council-period-scoring/distributors-score#thumbnail_score,,Distributor Score (Council%209/Council%20Period%209/Distributor%20Score%20356fd26e79c746bfa5332f7e65ae7c52.md),"Grade, Spot Check, Subscore",Subscore,,Completed
Testing,Builders,TESTING_SCORE,0.6,https://joystream.gitbook.io/testnet-workspace/testnet/council-period-scoring/builders-score#testing_score,,Builder Score (Council%209/Council%20Period%209/Builder%20Score%2072609d857cd44aaf919ac15aa42caa9d.md),"Grade, Spot Check, Subscore",Subscore,,Completed
Pioneer Development,Builders,PIONEER_DEVELOPMENT_SCORE,0.7,https://joystream.gitbook.io/testnet-workspace/testnet/council-period-scoring/builders-score#pioneer_development_score,,Builder Score (Council%209/Council%20Period%209/Builder%20Score%2072609d857cd44aaf919ac15aa42caa9d.md),"Grade, Spot Check, Subscore",Subscore,,Completed
General Development,Builders,GENERAL_DEVELOPMENT_SCORE,0.6,https://joystream.gitbook.io/testnet-workspace/testnet/council-period-scoring/builders-score#general_development_score,,Builder Score (Council%209/Council%20Period%209/Builder%20Score%2072609d857cd44aaf919ac15aa42caa9d.md),"Grade, Spot Check, Subscore",Subscore,,Completed
Featuring Score,Content,FEATURING_SCORE,0,https://joystream.gitbook.io/testnet-workspace/testnet/council-period-scoring/content-directory-score#featuring_score,"Logging Score (Council%209/Council%20Period%209/Logging%20Score%2085ccc9bf9360468da8324e3083c389e7.md), Hero Score (Council%209/Council%20Period%209/Hero%20Score%2043265cf6e392413a8dfc333f22e17949.md), Categories Score (Council%209/Council%20Period%209/Categories%20Score%2005752e9a328a428c99f60b82fee1800d.md)",Content Score (Council%209/Council%20Period%209/Content%20Score%20a3aabbae48374ae9b6f6933504efed94.md),,Subscore,,Completed
Moderation Score,Forum,MODERATION_SCORE,0.5,https://github.com/Joystream/handbook/blob/e9747eb6c4501b603f85bd35993faa8a057ac673/testnet/council-period-scoring/forum-score.md#moderation_score,,Forum Score (Council%209/Council%20Period%209/Forum%20Score%20a6dd10bcefcb450b906a2e86311f88dd.md),"Grade, Spot Check",,,Completed
Moderation Score,Content,MODERATION_SCORE,0.182,https://joystream.gitbook.io/testnet-workspace/testnet/council-period-scoring/content-directory-score#moderation_score,"Response Score (Council%209/Council%20Period%209/Response%20Score%2017aa349466b649ae81600aee4664bfd2.md), Total Breaches of Policy (Council%209/Council%20Period%209/Total%20Breaches%20of%20Policy%20708defc211554e779ec574ee5b55a938.md)",Content Score (Council%209/Council%20Period%209/Content%20Score%20a3aabbae48374ae9b6f6933504efed94.md),,,,Completed
Response Time,HR,RESPONSE_TIME_SCORE,1,https://joystream.gitbook.io/testnet-workspace/testnet/council-period-scoring/human-resources-score#response_time_score,,HR Score (Council%209/Council%20Period%209/HR%20Score%200d725a2e93344db29ba568de6312d77a.md),,Subscore,,Completed
Person Logging Score,HR,PERSON_LOGGING_SCORE,1,https://joystream.gitbook.io/testnet-workspace/testnet/council-period-scoring/human-resources-score#person_logging_score,,HR Score (Council%209/Council%20Period%209/HR%20Score%200d725a2e93344db29ba568de6312d77a.md),,Subscore,,Completed
Interaction Logging Score,HR,INTERACTION_LOGGING_SCORE,0.538,https://joystream.gitbook.io/testnet-workspace/testnet/council-period-scoring/human-resources-score#interaction_logging_score,,HR Score (Council%209/Council%20Period%209/HR%20Score%200d725a2e93344db29ba568de6312d77a.md),,Subscore,,Completed
Bounty Score,Forum,BOUNTY_SCORE,0,https://github.com/Joystream/handbook/blob/master/testnet/council-period-scoring/general-working-group-score.md#score,,General WG Score (Council%209/Council%20Period%209/General%20WG%20Score%208b96e578dcfd429798d14c9fc6bf3e7e.md),,,,Completed
Bounty Score,HR,BOUNTY_SCORE,0,https://github.com/Joystream/handbook/blob/master/testnet/council-period-scoring/general-working-group-score.md#score,,General WG Score (Council%209/Council%20Period%209/General%20WG%20Score%20ffcbe9f8fdbb40a3a552709b92a95b84.md),,,,Completed
Bounty Score,Storage,BOUNTY_SCORE,0.7,https://github.com/Joystream/handbook/blob/master/testnet/council-period-scoring/general-working-group-score.md#score,,General WG Score (Council%209/Council%20Period%209/General%20WG%20Score%2009a3e93e9e094e2a92333a95a5ed0c43.md),,,,Completed
Bounty Score,Distributors,BOUNTY_SCORE,0,https://github.com/Joystream/handbook/blob/master/testnet/council-period-scoring/general-working-group-score.md#score,,General WG Score (Council%209/Council%20Period%209/General%20WG%20Score%201eb9c121a68f47ca9cc3720f887a4510.md),,,,Completed
Bounty Score,Content,BOUNTY_SCORE,0,https://github.com/Joystream/handbook/blob/master/testnet/council-period-scoring/general-working-group-score.md#score,,General WG Score (Council%209/Council%20Period%209/General%20WG%20Score%20125ce0c2289042aa987a6a71cb6c8dd3.md),,,,Completed
Bounty Score,Builders,BOUNTY_SCORE,0,https://github.com/Joystream/handbook/blob/master/testnet/council-period-scoring/general-working-group-score.md#score,,General WG Score (Council%209/Council%20Period%209/General%20WG%20Score%20cfcf8f8f05c343ed81ece171d89bc76b.md),,,,Completed
Bounty Score,HR,BOUNTY_SCORE,1,https://joystream.gitbook.io/testnet-workspace/testnet/council-period-scoring/human-resources-score#bounty_score,,HR Score (Council%209/Council%20Period%209/HR%20Score%200d725a2e93344db29ba568de6312d77a.md),,Subscore,,Completed
Categories Score,Content,CATEGORIES_SCORE,,https://github.com/Joystream/handbook/blob/master/testnet/council-period-scoring/content-directory-score.md#scoring-calculations,,Featuring Score (Council%209/Council%20Period%209/Featuring%20Score%204dff73d7044f408b969e86936b02c842.md),,,,Completed
Hero Score,Content,HERO_SCORE,0,https://github.com/Joystream/handbook/blob/master/testnet/council-period-scoring/content-directory-score.md#scoring-calculations,,Featuring Score (Council%209/Council%20Period%209/Featuring%20Score%204dff73d7044f408b969e86936b02c842.md),,,,Completed
Logging Score,Content,LOGGING_SCORE,0,https://github.com/Joystream/handbook/blob/master/testnet/council-period-scoring/content-directory-score.md#scoring-calculations,,Featuring Score (Council%209/Council%20Period%209/Featuring%20Score%204dff73d7044f408b969e86936b02c842.md),,,,Completed
Response Score,Content,RESPONSE_SCORE,0,https://github.com/Joystream/handbook/blob/master/testnet/council-period-scoring/content-directory-score.md#moderation_score,,Moderation Score (Council%209/Council%20Period%209/Moderation%20Score%20ad40d08b7c684ebf9379c7c3a1c87cc5.md),,,,Completed
Total Breaches of Policy,Content,TOTAL_BREACHES_OF_POLICY,0,https://github.com/Joystream/handbook/blob/master/testnet/council-period-scoring/content-directory-score.md#moderation_score,,Moderation Score (Council%209/Council%20Period%209/Moderation%20Score%20ad40d08b7c684ebf9379c7c3a1c87cc5.md),"Catastrophic Errors, Grade, Spot Check",,,Completed
Category Score,Forum,CATEGORY_SCORE,0.5,,,,,,,Completed
Meeting score,Council,MEETING_SCORE,0.6,https://joystream.gitbook.io/testnet-workspace/testnet/council-period-scoring#council-handover-meeting,,Network Performance Score (Council%209/Council%20Period%209/Network%20Performance%20Score%20b5d67b08236940ae8249140591d8fe47.md),"Forum Post, Subscore",Main Score,,Completed
Opening Score,HR,OPENING_SCORE,0.833,https://github.com/Joystream/handbook/blob/master/testnet/council-period-scoring/general-working-group-score.md#score,,General WG Score (Council%209/Council%20Period%209/General%20WG%20Score%20ffcbe9f8fdbb40a3a552709b92a95b84.md),,,,Completed
Opening Score,Forum,OPENING_SCORE,0,https://github.com/Joystream/handbook/blob/master/testnet/council-period-scoring/general-working-group-score.md#score,,General WG Score (Council%209/Council%20Period%209/General%20WG%20Score%208b96e578dcfd429798d14c9fc6bf3e7e.md),,,,Completed
Opening Score,Storage,OPENING_SCORE,0.333,https://github.com/Joystream/handbook/blob/master/testnet/council-period-scoring/general-working-group-score.md#score,,General WG Score (Council%209/Council%20Period%209/General%20WG%20Score%2009a3e93e9e094e2a92333a95a5ed0c43.md),,,,Completed
Opening Score,Distributors,OPENING_SCORE,0.271,https://github.com/Joystream/handbook/blob/master/testnet/council-period-scoring/general-working-group-score.md#score,,General WG Score (Council%209/Council%20Period%209/General%20WG%20Score%201eb9c121a68f47ca9cc3720f887a4510.md),,,,Completed
Opening Score,Content,OPENING_SCORE,0,https://github.com/Joystream/handbook/blob/master/testnet/council-period-scoring/general-working-group-score.md#score,,General WG Score (Council%209/Council%20Period%209/General%20WG%20Score%20125ce0c2289042aa987a6a71cb6c8dd3.md),,,,Completed
Opening Score,Builders,OPENING_SCORE,0.667,https://github.com/Joystream/handbook/blob/master/testnet/council-period-scoring/general-working-group-score.md#score,,General WG Score (Council%209/Council%20Period%209/General%20WG%20Score%20cfcf8f8f05c343ed81ece171d89bc76b.md),,,,Completed
Missed runtime upgrade,Council,,0,https://github.com/Joystream/handbook/tree/master/testnet/council-period-scoring#missed-runtime-upgrade,,,"Catastrophic Errors, Grade, Spot Check",Subscore,,Completed
Unwarranted deletion,Forum,,0,,,,Catastrophic Errors,,,Completed
Member Faucet Empty,Council,,0,https://github.com/Joystream/handbook/tree/master/testnet/council-period-scoring#member-faucet-empty,,,"Catastrophic Errors, Grade, Spot Check",Subscore,,Completed
Inadequate Report,HR,,0,https://github.com/Joystream/handbook/blob/master/testnet/council-period-scoring/human-resources-score.md#inadequate-report,,,"Catastrophic Errors, Grade, Spot Check",,,Completed
Failure to apply moderation rules,Content,,0,https://github.com/Joystream/handbook/blob/master/testnet/council-period-scoring/content-directory-score.md#failure-to-apply-moderation-rules,,Content Score (Council%209/Council%20Period%209/Content%20Score%20a3aabbae48374ae9b6f6933504efed94.md),"Catastrophic Errors, Grade, Spot Check",,,Completed
Total $tJOY exceeds tJOY_BUDGET,Council,,0,https://github.com/Joystream/handbook/tree/master/testnet/council-period-scoring#total-tjoy-exceeds-tjoy_budget,,,"Catastrophic Errors, Grade, Spot Check",Subscore,,Completed
Permanent Data Object Loss,Storage,,0,https://github.com/Joystream/handbook/blob/58e635d7391893b718b137c69a182199aeb66ab8/testnet/council-period-scoring/storage-providers-score.md#permanent-data-object-loss,,,"Catastrophic Errors, Grade, Spot Check",Subscore,,Completed
Upgrading non-Jsgesnesis runtime,Council,,0,https://github.com/Joystream/handbook/tree/master/testnet/council-period-scoring#upgrading-non-jsgenesis-runtime,,,"Catastrophic Errors, Grade, Spot Check",Subscore,,Completed
Incorrect Reporting,Storage,,0,https://github.com/Joystream/handbook/blob/58e635d7391893b718b137c69a182199aeb66ab8/testnet/council-period-scoring/storage-providers-score.md#incorrect-reporting,,,"Catastrophic Errors, Grade, Spot Check",Subscore,,Completed
On chain Budget and Opening proposals without JOY equivalent,Council,,0,https://github.com/Joystream/handbook/tree/master/testnet/council-period-scoring#on-chain-budget-and-opening-proposals-without-joy-equivalent,,,"Catastrophic Errors, Grade, Spot Check",Subscore,,Completed
No available sources for data object,Distributors,,0,https://github.com/Joystream/handbook/blob/58e635d7391893b718b137c69a182199aeb66ab8/testnet/council-period-scoring/distributors-score.md#catastrophic-errors,,,"Catastrophic Errors, Grade, Spot Check, Subscore",Subscore,,Completed
Logging does not occur,Content,,0,https://github.com/Joystream/handbook/blob/master/testnet/council-period-scoring/content-directory-score.md#catastrophic-errors,,Content Score (Council%209/Council%20Period%209/Content%20Score%20a3aabbae48374ae9b6f6933504efed94.md),"Catastrophic Errors, Grade, Spot Check",,,Completed
Council Period Parameters,JSG,,,,,,,,,Completed
Missing Judgement,HR,,0,https://github.com/Joystream/handbook/blob/master/testnet/council-period-scoring/human-resources-score.md#catastrophic-errors,,,"Catastrophic Errors, Grade, Spot Check",,,Completed
Featured Content Unplayable,Content,,0,https://github.com/Joystream/handbook/blob/master/testnet/council-period-scoring/content-directory-score.md#featured-content-unplayable,,Content Score (Council%209/Council%20Period%209/Content%20Score%20a3aabbae48374ae9b6f6933504efed94.md),"Catastrophic Errors, Grade, Spot Check",,,Completed
Block time too low,Council,,0,https://github.com/Joystream/handbook/tree/master/testnet/council-period-scoring#block-time-too-low,,,"Catastrophic Errors, Grade, Spot Check",Subscore,,Completed
Violation of Content Policy,Forum,,0,https://github.com/Joystream/handbook/blob/e9747eb6c4501b603f85bd35993faa8a057ac673/testnet/council-period-scoring/forum-score.md#catastrophic-errors,,,Catastrophic Errors,,,Completed